{"last_tab":"","site_preloader":"1","primary_color":{"from":"#FF416C","to":"#FF4B2B"},"tijarah_heading_typography":{"font-family":"Rubik","font-options":"","google":"1","font-backup":"","font-weight":"700","font-style":"","subsets":"","text-align":"","font-size":"","line-height":"","color":"#333"},"tijarah_typography":{"font-family":"Rubik","font-options":"","google":"1","font-backup":"","font-weight":"normal","font-style":"","subsets":"","text-align":"","font-size":"16px","line-height":"26px","color":"#808080"},"tijarah_header_full_width":"","navbar":{"background-color":""},"navbar_link":"#828282","navbar_active_link":"#FF416C","tijarah_header_sticky":"","navbar_button":"1","blog_breadcrumb_image":{"background-color":"","background-repeat":"","background-size":"","background-attachment":"","background-position":"","background-image":"https:\/\/themebing.com\/wp\/tijarah\/audio\/wp-content\/uploads\/sites\/4\/2020\/02\/breadcrumb.jpg","media":{"id":"2103","height":"252","width":"2000","thumbnail":"https:\/\/themebing.com\/wp\/tijarah\/audio\/wp-content\/uploads\/sites\/4\/2020\/02\/breadcrumb-150x150.jpg"}},"blog_breadcrumb_title_color":"#FFFFFF","blog_breadcrumb_title":"Latest news","tijarah_excerpt_length":"34","social_share":"1","tijarah_blog_details_post_navigation":"1","related_posts":"1","related_post_title":"Related Post","posts_per_page":"3","related_posts_columns":"4","products_per_page":"9","shop_layout":"full_width","shop_columns":"4","tijarah_product_hover_button":"1","supported_currency":[{"title":"","description":"","url":"","sort":"0","attachment_id":"","image":"","height":"","width":"","thumb":""}],"woocommerce_social_share":"1","related_products":"1","related_products_title":"Related products","related_products_per_page":"3","related_products_columns":"4","footer_widget_display":"1","backtotop":"1","tijarah_copyright_info":"<p>Copyright \u00a9 2020 tijarah All Rights Reserved.<\/p>","tijarah_error_title":"Oops! That page can\u2019t be found.","tijarah_error_text":"It looks like nothing was found at this location. Maybe try one of the links below or a search?","redux-backup":1}