{"last_tab":"","site_preloader":"1","primary_color":{"from":"#FF416C","to":"#FF4B2B"},"tijarah_heading_typography":{"font-family":"Rubik","font-options":"","google":"1","font-backup":"","font-weight":"700","font-style":"","subsets":"","text-align":"","font-size":"","line-height":"","color":"#333"},"tijarah_typography":{"font-family":"Rubik","font-options":"","google":"1","font-backup":"","font-weight":"","font-style":"","subsets":"","text-align":"","font-size":"16px","line-height":"26px","color":"#808080"},"tijarah_header_full_width":"","navbar":{"background-color":""},"navbar_link":"#828282","navbar_active_link":"#FF416C","tijarah_header_sticky":"","navbar_button":"1","blog_breadcrumb_image":{"background-color":"","background-repeat":"","background-size":"","background-attachment":"","background-position":"","background-image":"https:\/\/themebing.com\/wp\/tijarah\/rtl\/wp-content\/uploads\/sites\/6\/2020\/02\/breadcrumb.jpg","media":{"id":"2103","height":"252","width":"2000","thumbnail":"https:\/\/themebing.com\/wp\/tijarah\/rtl\/wp-content\/uploads\/sites\/6\/2020\/02\/breadcrumb-150x150.jpg"}},"blog_breadcrumb_title_color":"#FFFFFF","blog_breadcrumb_title":"\u0623\u062d\u062f\u062b \u0627\u0644\u0623\u062e\u0628\u0627\u0631","tijarah_excerpt_length":"34","social_share":"1","tijarah_blog_details_post_navigation":"1","related_posts":"1","related_post_title":"\u0645\u0646\u0634\u0648\u0631 \u0644\u0647 \u0635\u0644\u0629","posts_per_page":"3","related_posts_columns":"4","products_per_page":"9","shop_layout":"full_width","shop_columns":"4","tijarah_product_hover_button":"1","supported_currency":[{"title":"","description":"","url":"","sort":"0","attachment_id":"","image":"","height":"","width":"","thumb":""}],"woocommerce_social_share":"1","related_products":"1","related_products_title":"\u0645\u0646\u062a\u062c\u0627\u062a \u0630\u0627\u062a \u0635\u0644\u0647","related_products_per_page":"3","related_products_columns":"4","footer_widget_display":"1","backtotop":"1","tijarah_copyright_info":"<p>\u062c\u0645\u064a\u0639 \u0627\u0644\u062d\u0642\u0648\u0642 \u0645\u062d\u0641\u0648\u0638\u0629 \u00a9 2020 \u062a\u062c\u0627\u0631\u0629.<\/p>","tijarah_error_title":"\u0648\u062c\u0647 \u0627\u0644\u0641\u062a\u0627\u0629! \u0644\u0627 \u064a\u0645\u0643\u0646 \u0627\u0644\u0639\u062b\u0648\u0631 \u0639\u0644\u0649 \u0647\u0630\u0647 \u0627\u0644\u0635\u0641\u062d\u0629.","tijarah_error_text":"\u064a\u0628\u062f\u0648 \u0623\u0646\u0647 \u0644\u0645 \u064a\u062a\u0645 \u0627\u0644\u0639\u062b\u0648\u0631 \u0639\u0644\u0649 \u0623\u064a \u0634\u064a\u0621 \u0641\u064a \u0647\u0630\u0627 \u0627\u0644\u0645\u0648\u0642\u0639. \u0631\u0628\u0645\u0627 \u062c\u0631\u0628 \u0623\u062d\u062f \u0627\u0644\u0631\u0648\u0627\u0628\u0637 \u0623\u062f\u0646\u0627\u0647 \u0623\u0648 \u0628\u062d\u062b\u061f","redux-backup":1}